Message,Sentiment,Date,Location
I had an excellent experience with the service. I really appreciate the prompt communication and attention to detail. Product quality was far better than I expected. I really appreciate the prompt communication and attention to detail. I really appreciate the prompt communication and attention to detail. Everything from the beginning to the end was smooth and satisfactory. I had an excellent experience with the service. I really appreciate the prompt communication and attention to detail. I had an excellent experience with the service. Everything from the beginning to the end was smooth and satisfactory. I had an excellent experience with the service.,Positive,2025-05-18,Lucknow
Everything from the beginning to the end was smooth and satisfactory. Product quality was far better than I expected. I had an excellent experience with the service. I really appreciate the prompt communication and attention to detail. Everything from the beginning to the end was smooth and satisfactory. I really appreciate the prompt communication and attention to detail. I really appreciate the prompt communication and attention to detail. I had an excellent experience with the service. I really appreciate the prompt communication and attention to detail. I had an excellent experience with the service. Product quality was far better than I expected.,Positive,2025-04-08,Lucknow
"It was okay, neither good nor bad. There were a few delays, but nothing too serious. There were a few delays, but nothing too serious. I received what I ordered, but the experience was not memorable. There were a few delays, but nothing too serious. I received what I ordered, but the experience was not memorable. There were a few delays, but nothing too serious. The team did their job, but I didn’t find anything unique. I received what I ordered, but the experience was not memorable. There were a few delays, but nothing too serious. The team did their job, but I didn’t find anything unique.",Neutral,2025-05-21,Chennai
I had an excellent experience with the service. Product quality was far better than I expected. I really appreciate the prompt communication and attention to detail. I really appreciate the prompt communication and attention to detail. I had an excellent experience with the service. I had an excellent experience with the service. I really appreciate the prompt communication and attention to detail. Everything from the beginning to the end was smooth and satisfactory. I really appreciate the prompt communication and attention to detail. The team went above and beyond to assist me with my needs. Everything from the beginning to the end was smooth and satisfactory.,Positive,2025-06-12,Chennai
Everything from the beginning to the end was smooth and satisfactory. The team went above and beyond to assist me with my needs. The team went above and beyond to assist me with my needs. Everything from the beginning to the end was smooth and satisfactory. Product quality was far better than I expected. I really appreciate the prompt communication and attention to detail. The team went above and beyond to assist me with my needs. I really appreciate the prompt communication and attention to detail. I really appreciate the prompt communication and attention to detail. I had an excellent experience with the service.,Positive,2025-05-19,Jaipur
The service was quite disappointing from the very start. There were multiple issues with my order and no one seemed to care. The response from the support team was slow and unhelpful. The service was quite disappointing from the very start. The service was quite disappointing from the very start. The delivery was delayed and the packaging was damaged. There were multiple issues with my order and no one seemed to care. The response from the support team was slow and unhelpful. The response from the support team was slow and unhelpful. The delivery was delayed and the packaging was damaged.,Negative,2025-05-15,Hyderabad
"There were a few delays, but nothing too serious. I received what I ordered, but the experience was not memorable. There were a few delays, but nothing too serious. It was okay, neither good nor bad. The team did their job, but I didn’t find anything unique. There were a few delays, but nothing too serious. The service was average, not too bad but not exceptional either. The service was average, not too bad but not exceptional either. The team did their job, but I didn’t find anything unique. There were a few delays, but nothing too serious. The service was average, not too bad but not exceptional either.",Neutral,2025-03-20,Mumbai
There were multiple issues with my order and no one seemed to care. The response from the support team was slow and unhelpful. There were multiple issues with my order and no one seemed to care. I expected much better quality for the price I paid. The delivery was delayed and the packaging was damaged. I expected much better quality for the price I paid. The delivery was delayed and the packaging was damaged. The service was quite disappointing from the very start. The service was quite disappointing from the very start. The service was quite disappointing from the very start.,Negative,2025-05-12,Bangalore
"The service was average, not too bad but not exceptional either. There were a few delays, but nothing too serious. It was okay, neither good nor bad. It was okay, neither good nor bad. I received what I ordered, but the experience was not memorable. The team did their job, but I didn’t find anything unique. I received what I ordered, but the experience was not memorable. The service was average, not too bad but not exceptional either. There were a few delays, but nothing too serious. There were a few delays, but nothing too serious. The service was average, not too bad but not exceptional either.",Neutral,2025-05-14,Chennai
Everything from the beginning to the end was smooth and satisfactory. I had an excellent experience with the service. The team went above and beyond to assist me with my needs. I really appreciate the prompt communication and attention to detail. Product quality was far better than I expected. I really appreciate the prompt communication and attention to detail. Everything from the beginning to the end was smooth and satisfactory. Everything from the beginning to the end was smooth and satisfactory. Everything from the beginning to the end was smooth and satisfactory. Everything from the beginning to the end was smooth and satisfactory.,Positive,2025-03-30,Kolkata
Everything from the beginning to the end was smooth and satisfactory. The team went above and beyond to assist me with my needs. Product quality was far better than I expected. Everything from the beginning to the end was smooth and satisfactory. The team went above and beyond to assist me with my needs. Everything from the beginning to the end was smooth and satisfactory. I had an excellent experience with the service. Product quality was far better than I expected. I had an excellent experience with the service. Product quality was far better than I expected. Everything from the beginning to the end was smooth and satisfactory.,Positive,2025-05-04,Hyderabad
The response from the support team was slow and unhelpful. The response from the support team was slow and unhelpful. There were multiple issues with my order and no one seemed to care. There were multiple issues with my order and no one seemed to care. The service was quite disappointing from the very start. There were multiple issues with my order and no one seemed to care. I expected much better quality for the price I paid. The response from the support team was slow and unhelpful. The response from the support team was slow and unhelpful. The service was quite disappointing from the very start.,Negative,2025-05-23,Pune
The delivery was delayed and the packaging was damaged. I expected much better quality for the price I paid. The delivery was delayed and the packaging was damaged. The response from the support team was slow and unhelpful. The service was quite disappointing from the very start. The service was quite disappointing from the very start. The response from the support team was slow and unhelpful. There were multiple issues with my order and no one seemed to care. The delivery was delayed and the packaging was damaged. The response from the support team was slow and unhelpful. The service was quite disappointing from the very start.,Negative,2025-04-06,Delhi
"The team did their job, but I didn’t find anything unique. There were a few delays, but nothing too serious. There were a few delays, but nothing too serious. The team did their job, but I didn’t find anything unique. It was okay, neither good nor bad. It was okay, neither good nor bad. The service was average, not too bad but not exceptional either. The team did their job, but I didn’t find anything unique. It was okay, neither good nor bad. I received what I ordered, but the experience was not memorable. There were a few delays, but nothing too serious.",Neutral,2025-03-29,Mumbai
"The team did their job, but I didn’t find anything unique. The service was average, not too bad but not exceptional either. It was okay, neither good nor bad. It was okay, neither good nor bad. I received what I ordered, but the experience was not memorable. There were a few delays, but nothing too serious. The team did their job, but I didn’t find anything unique. The service was average, not too bad but not exceptional either. There were a few delays, but nothing too serious. It was okay, neither good nor bad. There were a few delays, but nothing too serious.",Neutral,2025-04-27,Delhi
"There were a few delays, but nothing too serious. It was okay, neither good nor bad. There were a few delays, but nothing too serious. The team did their job, but I didn’t find anything unique. There were a few delays, but nothing too serious. The team did their job, but I didn’t find anything unique. There were a few delays, but nothing too serious. It was okay, neither good nor bad. I received what I ordered, but the experience was not memorable. I received what I ordered, but the experience was not memorable. The team did their job, but I didn’t find anything unique.",Neutral,2025-04-19,Kolkata
"I received what I ordered, but the experience was not memorable. It was okay, neither good nor bad. It was okay, neither good nor bad. There were a few delays, but nothing too serious. The team did their job, but I didn’t find anything unique. It was okay, neither good nor bad. The service was average, not too bad but not exceptional either. There were a few delays, but nothing too serious. There were a few delays, but nothing too serious. I received what I ordered, but the experience was not memorable. The team did their job, but I didn’t find anything unique.",Neutral,2025-04-09,Lucknow
"There were a few delays, but nothing too serious. The team did their job, but I didn’t find anything unique. The team did their job, but I didn’t find anything unique. The team did their job, but I didn’t find anything unique. I received what I ordered, but the experience was not memorable. It was okay, neither good nor bad. The team did their job, but I didn’t find anything unique. I received what I ordered, but the experience was not memorable. The service was average, not too bad but not exceptional either. There were a few delays, but nothing too serious.",Neutral,2025-06-11,Jaipur
"It was okay, neither good nor bad. There were a few delays, but nothing too serious. The service was average, not too bad but not exceptional either. I received what I ordered, but the experience was not memorable. There were a few delays, but nothing too serious. I received what I ordered, but the experience was not memorable. I received what I ordered, but the experience was not memorable. I received what I ordered, but the experience was not memorable. The service was average, not too bad but not exceptional either. The service was average, not too bad but not exceptional either.",Neutral,2025-05-15,Hyderabad
The delivery was delayed and the packaging was damaged. The service was quite disappointing from the very start. I expected much better quality for the price I paid. I expected much better quality for the price I paid. The delivery was delayed and the packaging was damaged. There were multiple issues with my order and no one seemed to care. I expected much better quality for the price I paid. I expected much better quality for the price I paid. I expected much better quality for the price I paid. There were multiple issues with my order and no one seemed to care.,Negative,2025-05-19,Bangalore
"The service was average, not too bad but not exceptional either. The service was average, not too bad but not exceptional either. The team did their job, but I didn’t find anything unique. I received what I ordered, but the experience was not memorable. I received what I ordered, but the experience was not memorable. It was okay, neither good nor bad. The team did their job, but I didn’t find anything unique. The service was average, not too bad but not exceptional either. It was okay, neither good nor bad. I received what I ordered, but the experience was not memorable.",Neutral,2025-05-07,Delhi
There were multiple issues with my order and no one seemed to care. I expected much better quality for the price I paid. The delivery was delayed and the packaging was damaged. The delivery was delayed and the packaging was damaged. The delivery was delayed and the packaging was damaged. The response from the support team was slow and unhelpful. I expected much better quality for the price I paid. The delivery was delayed and the packaging was damaged. The delivery was delayed and the packaging was damaged. I expected much better quality for the price I paid. The delivery was delayed and the packaging was damaged.,Negative,2025-04-04,Ahmedabad
Product quality was far better than I expected. Product quality was far better than I expected. The team went above and beyond to assist me with my needs. Everything from the beginning to the end was smooth and satisfactory. The team went above and beyond to assist me with my needs. I really appreciate the prompt communication and attention to detail. Product quality was far better than I expected. Everything from the beginning to the end was smooth and satisfactory. The team went above and beyond to assist me with my needs. Product quality was far better than I expected.,Positive,2025-05-19,Delhi
"There were a few delays, but nothing too serious. I received what I ordered, but the experience was not memorable. There were a few delays, but nothing too serious. There were a few delays, but nothing too serious. There were a few delays, but nothing too serious. It was okay, neither good nor bad. The service was average, not too bad but not exceptional either. I received what I ordered, but the experience was not memorable. I received what I ordered, but the experience was not memorable. I received what I ordered, but the experience was not memorable. The team did their job, but I didn’t find anything unique.",Neutral,2025-04-14,Bangalore
"I received what I ordered, but the experience was not memorable. The service was average, not too bad but not exceptional either. The team did their job, but I didn’t find anything unique. The team did their job, but I didn’t find anything unique. There were a few delays, but nothing too serious. It was okay, neither good nor bad. The team did their job, but I didn’t find anything unique. The team did their job, but I didn’t find anything unique. The service was average, not too bad but not exceptional either. I received what I ordered, but the experience was not memorable.",Neutral,2025-06-03,Kolkata
The delivery was delayed and the packaging was damaged. The service was quite disappointing from the very start. The delivery was delayed and the packaging was damaged. I expected much better quality for the price I paid. I expected much better quality for the price I paid. The service was quite disappointing from the very start. The response from the support team was slow and unhelpful. The response from the support team was slow and unhelpful. I expected much better quality for the price I paid. I expected much better quality for the price I paid. The delivery was delayed and the packaging was damaged.,Negative,2025-05-27,Jaipur
"I received what I ordered, but the experience was not memorable. The team did their job, but I didn’t find anything unique. I received what I ordered, but the experience was not memorable. There were a few delays, but nothing too serious. The team did their job, but I didn’t find anything unique. The team did their job, but I didn’t find anything unique. The service was average, not too bad but not exceptional either. The team did their job, but I didn’t find anything unique. There were a few delays, but nothing too serious. The team did their job, but I didn’t find anything unique.",Neutral,2025-05-28,Bangalore
There were multiple issues with my order and no one seemed to care. The delivery was delayed and the packaging was damaged. The delivery was delayed and the packaging was damaged. The service was quite disappointing from the very start. I expected much better quality for the price I paid. The delivery was delayed and the packaging was damaged. The delivery was delayed and the packaging was damaged. The service was quite disappointing from the very start. The service was quite disappointing from the very start. I expected much better quality for the price I paid. There were multiple issues with my order and no one seemed to care.,Negative,2025-03-19,Ahmedabad
I had an excellent experience with the service. The team went above and beyond to assist me with my needs. Product quality was far better than I expected. The team went above and beyond to assist me with my needs. Everything from the beginning to the end was smooth and satisfactory. Product quality was far better than I expected. The team went above and beyond to assist me with my needs. The team went above and beyond to assist me with my needs. Product quality was far better than I expected. The team went above and beyond to assist me with my needs.,Positive,2025-04-05,Kolkata
The service was quite disappointing from the very start. I expected much better quality for the price I paid. The service was quite disappointing from the very start. The delivery was delayed and the packaging was damaged. The service was quite disappointing from the very start. The response from the support team was slow and unhelpful. There were multiple issues with my order and no one seemed to care. The service was quite disappointing from the very start. The service was quite disappointing from the very start. The service was quite disappointing from the very start. There were multiple issues with my order and no one seemed to care.,Negative,2025-06-01,Hyderabad
I really appreciate the prompt communication and attention to detail. Everything from the beginning to the end was smooth and satisfactory. Everything from the beginning to the end was smooth and satisfactory. Everything from the beginning to the end was smooth and satisfactory. Product quality was far better than I expected. I had an excellent experience with the service. I really appreciate the prompt communication and attention to detail. Everything from the beginning to the end was smooth and satisfactory. Product quality was far better than I expected. The team went above and beyond to assist me with my needs.,Positive,2025-03-17,Chennai
I really appreciate the prompt communication and attention to detail. I really appreciate the prompt communication and attention to detail. I had an excellent experience with the service. Everything from the beginning to the end was smooth and satisfactory. The team went above and beyond to assist me with my needs. I had an excellent experience with the service. I really appreciate the prompt communication and attention to detail. I had an excellent experience with the service. The team went above and beyond to assist me with my needs. I really appreciate the prompt communication and attention to detail. Product quality was far better than I expected.,Positive,2025-05-31,Kolkata
"I received what I ordered, but the experience was not memorable. The service was average, not too bad but not exceptional either. It was okay, neither good nor bad. I received what I ordered, but the experience was not memorable. The service was average, not too bad but not exceptional either. There were a few delays, but nothing too serious. It was okay, neither good nor bad. The service was average, not too bad but not exceptional either. It was okay, neither good nor bad. The service was average, not too bad but not exceptional either. There were a few delays, but nothing too serious.",Neutral,2025-04-13,Jaipur
The response from the support team was slow and unhelpful. The service was quite disappointing from the very start. The delivery was delayed and the packaging was damaged. The response from the support team was slow and unhelpful. The service was quite disappointing from the very start. I expected much better quality for the price I paid. I expected much better quality for the price I paid. The service was quite disappointing from the very start. I expected much better quality for the price I paid. The response from the support team was slow and unhelpful. I expected much better quality for the price I paid.,Negative,2025-04-21,Bangalore
There were multiple issues with my order and no one seemed to care. The delivery was delayed and the packaging was damaged. The response from the support team was slow and unhelpful. The delivery was delayed and the packaging was damaged. The delivery was delayed and the packaging was damaged. I expected much better quality for the price I paid. I expected much better quality for the price I paid. I expected much better quality for the price I paid. The delivery was delayed and the packaging was damaged. The response from the support team was slow and unhelpful. The response from the support team was slow and unhelpful.,Negative,2025-04-08,Hyderabad
The team went above and beyond to assist me with my needs. Product quality was far better than I expected. Everything from the beginning to the end was smooth and satisfactory. Product quality was far better than I expected. I really appreciate the prompt communication and attention to detail. I really appreciate the prompt communication and attention to detail. Product quality was far better than I expected. The team went above and beyond to assist me with my needs. I had an excellent experience with the service. Product quality was far better than I expected. The team went above and beyond to assist me with my needs.,Positive,2025-03-20,Bangalore
There were multiple issues with my order and no one seemed to care. The response from the support team was slow and unhelpful. The response from the support team was slow and unhelpful. The response from the support team was slow and unhelpful. The response from the support team was slow and unhelpful. The delivery was delayed and the packaging was damaged. The response from the support team was slow and unhelpful. The delivery was delayed and the packaging was damaged. The service was quite disappointing from the very start. The delivery was delayed and the packaging was damaged. There were multiple issues with my order and no one seemed to care.,Negative,2025-04-03,Delhi
Product quality was far better than I expected. Product quality was far better than I expected. I really appreciate the prompt communication and attention to detail. Everything from the beginning to the end was smooth and satisfactory. Product quality was far better than I expected. Product quality was far better than I expected. Product quality was far better than I expected. I had an excellent experience with the service. I had an excellent experience with the service. The team went above and beyond to assist me with my needs. Everything from the beginning to the end was smooth and satisfactory.,Positive,2025-06-10,Kolkata
"I received what I ordered, but the experience was not memorable. There were a few delays, but nothing too serious. It was okay, neither good nor bad. There were a few delays, but nothing too serious. The team did their job, but I didn’t find anything unique. It was okay, neither good nor bad. It was okay, neither good nor bad. There were a few delays, but nothing too serious. The team did their job, but I didn’t find anything unique. It was okay, neither good nor bad. There were a few delays, but nothing too serious. There were a few delays, but nothing too serious.",Neutral,2025-06-13,Ahmedabad
The response from the support team was slow and unhelpful. The response from the support team was slow and unhelpful. There were multiple issues with my order and no one seemed to care. The service was quite disappointing from the very start. There were multiple issues with my order and no one seemed to care. The response from the support team was slow and unhelpful. The service was quite disappointing from the very start. The delivery was delayed and the packaging was damaged. There were multiple issues with my order and no one seemed to care. There were multiple issues with my order and no one seemed to care.,Negative,2025-05-08,Hyderabad
"The team did their job, but I didn’t find anything unique. There were a few delays, but nothing too serious. It was okay, neither good nor bad. It was okay, neither good nor bad. It was okay, neither good nor bad. There were a few delays, but nothing too serious. The service was average, not too bad but not exceptional either. I received what I ordered, but the experience was not memorable. There were a few delays, but nothing too serious. I received what I ordered, but the experience was not memorable. There were a few delays, but nothing too serious.",Neutral,2025-06-07,Bangalore
The service was quite disappointing from the very start. The delivery was delayed and the packaging was damaged. There were multiple issues with my order and no one seemed to care. The response from the support team was slow and unhelpful. The service was quite disappointing from the very start. The service was quite disappointing from the very start. The delivery was delayed and the packaging was damaged. The response from the support team was slow and unhelpful. There were multiple issues with my order and no one seemed to care. I expected much better quality for the price I paid.,Negative,2025-05-22,Delhi
I really appreciate the prompt communication and attention to detail. The team went above and beyond to assist me with my needs. Product quality was far better than I expected. Product quality was far better than I expected. Product quality was far better than I expected. The team went above and beyond to assist me with my needs. Everything from the beginning to the end was smooth and satisfactory. I had an excellent experience with the service. The team went above and beyond to assist me with my needs. Product quality was far better than I expected. I had an excellent experience with the service.,Positive,2025-04-13,Delhi
I expected much better quality for the price I paid. The service was quite disappointing from the very start. The delivery was delayed and the packaging was damaged. The service was quite disappointing from the very start. There were multiple issues with my order and no one seemed to care. There were multiple issues with my order and no one seemed to care. The delivery was delayed and the packaging was damaged. The response from the support team was slow and unhelpful. The service was quite disappointing from the very start. There were multiple issues with my order and no one seemed to care.,Negative,2025-04-03,Delhi
"The team did their job, but I didn’t find anything unique. It was okay, neither good nor bad. It was okay, neither good nor bad. It was okay, neither good nor bad. I received what I ordered, but the experience was not memorable. It was okay, neither good nor bad. The team did their job, but I didn’t find anything unique. The team did their job, but I didn’t find anything unique. The team did their job, but I didn’t find anything unique. There were a few delays, but nothing too serious. It was okay, neither good nor bad. The team did their job, but I didn’t find anything unique.",Neutral,2025-05-16,Pune
"It was okay, neither good nor bad. The service was average, not too bad but not exceptional either. It was okay, neither good nor bad. The service was average, not too bad but not exceptional either. I received what I ordered, but the experience was not memorable. I received what I ordered, but the experience was not memorable. There were a few delays, but nothing too serious. The service was average, not too bad but not exceptional either. I received what I ordered, but the experience was not memorable. I received what I ordered, but the experience was not memorable.",Neutral,2025-05-01,Bangalore
"The service was average, not too bad but not exceptional either. I received what I ordered, but the experience was not memorable. The service was average, not too bad but not exceptional either. The team did their job, but I didn’t find anything unique. The team did their job, but I didn’t find anything unique. It was okay, neither good nor bad. The team did their job, but I didn’t find anything unique. There were a few delays, but nothing too serious. The service was average, not too bad but not exceptional either. I received what I ordered, but the experience was not memorable.",Neutral,2025-04-21,Pune
"There were a few delays, but nothing too serious. The team did their job, but I didn’t find anything unique. The service was average, not too bad but not exceptional either. I received what I ordered, but the experience was not memorable. There were a few delays, but nothing too serious. It was okay, neither good nor bad. I received what I ordered, but the experience was not memorable. The team did their job, but I didn’t find anything unique. The service was average, not too bad but not exceptional either. It was okay, neither good nor bad. I received what I ordered, but the experience was not memorable.",Neutral,2025-06-07,Bangalore
There were multiple issues with my order and no one seemed to care. The service was quite disappointing from the very start. The service was quite disappointing from the very start. There were multiple issues with my order and no one seemed to care. The response from the support team was slow and unhelpful. The delivery was delayed and the packaging was damaged. The delivery was delayed and the packaging was damaged. The response from the support team was slow and unhelpful. I expected much better quality for the price I paid. The service was quite disappointing from the very start.,Negative,2025-06-10,Ahmedabad
"There were a few delays, but nothing too serious. The team did their job, but I didn’t find anything unique. There were a few delays, but nothing too serious. It was okay, neither good nor bad. It was okay, neither good nor bad. The team did their job, but I didn’t find anything unique. The team did their job, but I didn’t find anything unique. The service was average, not too bad but not exceptional either. It was okay, neither good nor bad. The service was average, not too bad but not exceptional either. The team did their job, but I didn’t find anything unique.",Neutral,2025-05-15,Chennai
"There were a few delays, but nothing too serious. The service was average, not too bad but not exceptional either. The service was average, not too bad but not exceptional either. I received what I ordered, but the experience was not memorable. It was okay, neither good nor bad. It was okay, neither good nor bad. The service was average, not too bad but not exceptional either. There were a few delays, but nothing too serious. It was okay, neither good nor bad. The service was average, not too bad but not exceptional either. I received what I ordered, but the experience was not memorable.",Neutral,2025-04-27,Ahmedabad
"The team did their job, but I didn’t find anything unique. There were a few delays, but nothing too serious. I received what I ordered, but the experience was not memorable. It was okay, neither good nor bad. The team did their job, but I didn’t find anything unique. The team did their job, but I didn’t find anything unique. The service was average, not too bad but not exceptional either. The team did their job, but I didn’t find anything unique. There were a few delays, but nothing too serious. The team did their job, but I didn’t find anything unique.",Neutral,2025-03-27,Chennai
The service was quite disappointing from the very start. There were multiple issues with my order and no one seemed to care. The response from the support team was slow and unhelpful. I expected much better quality for the price I paid. I expected much better quality for the price I paid. The response from the support team was slow and unhelpful. I expected much better quality for the price I paid. The delivery was delayed and the packaging was damaged. The service was quite disappointing from the very start. I expected much better quality for the price I paid.,Negative,2025-04-08,Delhi
The response from the support team was slow and unhelpful. The response from the support team was slow and unhelpful. The service was quite disappointing from the very start. I expected much better quality for the price I paid. The delivery was delayed and the packaging was damaged. The service was quite disappointing from the very start. The delivery was delayed and the packaging was damaged. I expected much better quality for the price I paid. I expected much better quality for the price I paid. The service was quite disappointing from the very start. There were multiple issues with my order and no one seemed to care.,Negative,2025-03-27,Jaipur
The delivery was delayed and the packaging was damaged. I expected much better quality for the price I paid. I expected much better quality for the price I paid. The service was quite disappointing from the very start. There were multiple issues with my order and no one seemed to care. The response from the support team was slow and unhelpful. The delivery was delayed and the packaging was damaged. There were multiple issues with my order and no one seemed to care. The response from the support team was slow and unhelpful. I expected much better quality for the price I paid.,Negative,2025-04-06,Ahmedabad
I had an excellent experience with the service. I really appreciate the prompt communication and attention to detail. Everything from the beginning to the end was smooth and satisfactory. Everything from the beginning to the end was smooth and satisfactory. The team went above and beyond to assist me with my needs. I really appreciate the prompt communication and attention to detail. I had an excellent experience with the service. I really appreciate the prompt communication and attention to detail. Product quality was far better than I expected. I had an excellent experience with the service. Everything from the beginning to the end was smooth and satisfactory.,Positive,2025-05-25,Delhi
The service was quite disappointing from the very start. There were multiple issues with my order and no one seemed to care. I expected much better quality for the price I paid. The response from the support team was slow and unhelpful. The delivery was delayed and the packaging was damaged. The response from the support team was slow and unhelpful. I expected much better quality for the price I paid. I expected much better quality for the price I paid. I expected much better quality for the price I paid. There were multiple issues with my order and no one seemed to care.,Negative,2025-05-07,Ahmedabad
"I received what I ordered, but the experience was not memorable. The team did their job, but I didn’t find anything unique. I received what I ordered, but the experience was not memorable. It was okay, neither good nor bad. It was okay, neither good nor bad. I received what I ordered, but the experience was not memorable. The service was average, not too bad but not exceptional either. There were a few delays, but nothing too serious. The team did their job, but I didn’t find anything unique. There were a few delays, but nothing too serious. It was okay, neither good nor bad.",Neutral,2025-05-05,Pune
The team went above and beyond to assist me with my needs. The team went above and beyond to assist me with my needs. I really appreciate the prompt communication and attention to detail. I really appreciate the prompt communication and attention to detail. Product quality was far better than I expected. Everything from the beginning to the end was smooth and satisfactory. Product quality was far better than I expected. I really appreciate the prompt communication and attention to detail. Product quality was far better than I expected. The team went above and beyond to assist me with my needs.,Positive,2025-04-08,Chennai
"It was okay, neither good nor bad. The team did their job, but I didn’t find anything unique. The team did their job, but I didn’t find anything unique. There were a few delays, but nothing too serious. I received what I ordered, but the experience was not memorable. I received what I ordered, but the experience was not memorable. It was okay, neither good nor bad. The team did their job, but I didn’t find anything unique. I received what I ordered, but the experience was not memorable. The team did their job, but I didn’t find anything unique.",Neutral,2025-05-25,Mumbai
I expected much better quality for the price I paid. I expected much better quality for the price I paid. I expected much better quality for the price I paid. There were multiple issues with my order and no one seemed to care. I expected much better quality for the price I paid. The service was quite disappointing from the very start. There were multiple issues with my order and no one seemed to care. The delivery was delayed and the packaging was damaged. The delivery was delayed and the packaging was damaged. The response from the support team was slow and unhelpful.,Negative,2025-05-09,Delhi
The service was quite disappointing from the very start. The delivery was delayed and the packaging was damaged. I expected much better quality for the price I paid. The service was quite disappointing from the very start. There were multiple issues with my order and no one seemed to care. I expected much better quality for the price I paid. There were multiple issues with my order and no one seemed to care. The service was quite disappointing from the very start. I expected much better quality for the price I paid. The response from the support team was slow and unhelpful.,Negative,2025-04-24,Chennai
"The team did their job, but I didn’t find anything unique. The service was average, not too bad but not exceptional either. There were a few delays, but nothing too serious. It was okay, neither good nor bad. The team did their job, but I didn’t find anything unique. There were a few delays, but nothing too serious. The team did their job, but I didn’t find anything unique. It was okay, neither good nor bad. The service was average, not too bad but not exceptional either. It was okay, neither good nor bad. The service was average, not too bad but not exceptional either.",Neutral,2025-06-09,Hyderabad
"There were a few delays, but nothing too serious. I received what I ordered, but the experience was not memorable. The service was average, not too bad but not exceptional either. The team did their job, but I didn’t find anything unique. The service was average, not too bad but not exceptional either. The service was average, not too bad but not exceptional either. The team did their job, but I didn’t find anything unique. I received what I ordered, but the experience was not memorable. There were a few delays, but nothing too serious. The service was average, not too bad but not exceptional either.",Neutral,2025-05-09,Mumbai
The service was quite disappointing from the very start. The response from the support team was slow and unhelpful. The response from the support team was slow and unhelpful. The response from the support team was slow and unhelpful. I expected much better quality for the price I paid. There were multiple issues with my order and no one seemed to care. There were multiple issues with my order and no one seemed to care. The delivery was delayed and the packaging was damaged. I expected much better quality for the price I paid. The delivery was delayed and the packaging was damaged.,Negative,2025-04-21,Bangalore
Everything from the beginning to the end was smooth and satisfactory. I had an excellent experience with the service. I really appreciate the prompt communication and attention to detail. Product quality was far better than I expected. I really appreciate the prompt communication and attention to detail. Everything from the beginning to the end was smooth and satisfactory. Product quality was far better than I expected. I really appreciate the prompt communication and attention to detail. Everything from the beginning to the end was smooth and satisfactory. Everything from the beginning to the end was smooth and satisfactory. Product quality was far better than I expected.,Positive,2025-04-18,Pune
The response from the support team was slow and unhelpful. The service was quite disappointing from the very start. I expected much better quality for the price I paid. The response from the support team was slow and unhelpful. The delivery was delayed and the packaging was damaged. There were multiple issues with my order and no one seemed to care. The service was quite disappointing from the very start. I expected much better quality for the price I paid. The response from the support team was slow and unhelpful. The delivery was delayed and the packaging was damaged. The response from the support team was slow and unhelpful.,Negative,2025-04-04,Kolkata
"There were a few delays, but nothing too serious. The team did their job, but I didn’t find anything unique. There were a few delays, but nothing too serious. I received what I ordered, but the experience was not memorable. The team did their job, but I didn’t find anything unique. The team did their job, but I didn’t find anything unique. The service was average, not too bad but not exceptional either. I received what I ordered, but the experience was not memorable. The team did their job, but I didn’t find anything unique. It was okay, neither good nor bad.",Neutral,2025-03-27,Chennai
"There were a few delays, but nothing too serious. There were a few delays, but nothing too serious. The service was average, not too bad but not exceptional either. The team did their job, but I didn’t find anything unique. There were a few delays, but nothing too serious. The service was average, not too bad but not exceptional either. It was okay, neither good nor bad. The service was average, not too bad but not exceptional either. It was okay, neither good nor bad. The team did their job, but I didn’t find anything unique. There were a few delays, but nothing too serious.",Neutral,2025-05-02,Hyderabad
"There were a few delays, but nothing too serious. I received what I ordered, but the experience was not memorable. I received what I ordered, but the experience was not memorable. It was okay, neither good nor bad. There were a few delays, but nothing too serious. I received what I ordered, but the experience was not memorable. The service was average, not too bad but not exceptional either. The service was average, not too bad but not exceptional either. There were a few delays, but nothing too serious. The team did their job, but I didn’t find anything unique.",Neutral,2025-04-30,Mumbai
"There were a few delays, but nothing too serious. I received what I ordered, but the experience was not memorable. The service was average, not too bad but not exceptional either. There were a few delays, but nothing too serious. There were a few delays, but nothing too serious. The team did their job, but I didn’t find anything unique. I received what I ordered, but the experience was not memorable. I received what I ordered, but the experience was not memorable. I received what I ordered, but the experience was not memorable. It was okay, neither good nor bad.",Neutral,2025-03-22,Chennai
"It was okay, neither good nor bad. There were a few delays, but nothing too serious. I received what I ordered, but the experience was not memorable. There were a few delays, but nothing too serious. The team did their job, but I didn’t find anything unique. There were a few delays, but nothing too serious. There were a few delays, but nothing too serious. The service was average, not too bad but not exceptional either. The team did their job, but I didn’t find anything unique. The service was average, not too bad but not exceptional either. I received what I ordered, but the experience was not memorable.",Neutral,2025-05-26,Hyderabad
"The team did their job, but I didn’t find anything unique. It was okay, neither good nor bad. There were a few delays, but nothing too serious. The service was average, not too bad but not exceptional either. The team did their job, but I didn’t find anything unique. The service was average, not too bad but not exceptional either. There were a few delays, but nothing too serious. It was okay, neither good nor bad. The service was average, not too bad but not exceptional either. The team did their job, but I didn’t find anything unique. There were a few delays, but nothing too serious.",Neutral,2025-03-18,Pune
"The team did their job, but I didn’t find anything unique. There were a few delays, but nothing too serious. The service was average, not too bad but not exceptional either. I received what I ordered, but the experience was not memorable. The team did their job, but I didn’t find anything unique. The service was average, not too bad but not exceptional either. It was okay, neither good nor bad. It was okay, neither good nor bad. There were a few delays, but nothing too serious. It was okay, neither good nor bad. I received what I ordered, but the experience was not memorable.",Neutral,2025-06-05,Delhi
"The team did their job, but I didn’t find anything unique. There were a few delays, but nothing too serious. The team did their job, but I didn’t find anything unique. The service was average, not too bad but not exceptional either. I received what I ordered, but the experience was not memorable. The service was average, not too bad but not exceptional either. The service was average, not too bad but not exceptional either. There were a few delays, but nothing too serious. The team did their job, but I didn’t find anything unique. The service was average, not too bad but not exceptional either.",Neutral,2025-03-24,Delhi
I really appreciate the prompt communication and attention to detail. Everything from the beginning to the end was smooth and satisfactory. Product quality was far better than I expected. Product quality was far better than I expected. The team went above and beyond to assist me with my needs. I really appreciate the prompt communication and attention to detail. Product quality was far better than I expected. I really appreciate the prompt communication and attention to detail. Everything from the beginning to the end was smooth and satisfactory. Product quality was far better than I expected. I had an excellent experience with the service.,Positive,2025-03-28,Ahmedabad
"The team did their job, but I didn’t find anything unique. There were a few delays, but nothing too serious. The service was average, not too bad but not exceptional either. There were a few delays, but nothing too serious. I received what I ordered, but the experience was not memorable. The team did their job, but I didn’t find anything unique. The team did their job, but I didn’t find anything unique. I received what I ordered, but the experience was not memorable. There were a few delays, but nothing too serious. The service was average, not too bad but not exceptional either.",Neutral,2025-05-13,Chennai
"There were a few delays, but nothing too serious. The service was average, not too bad but not exceptional either. The team did their job, but I didn’t find anything unique. There were a few delays, but nothing too serious. I received what I ordered, but the experience was not memorable. The service was average, not too bad but not exceptional either. The team did their job, but I didn’t find anything unique. The service was average, not too bad but not exceptional either. I received what I ordered, but the experience was not memorable. It was okay, neither good nor bad.",Neutral,2025-03-29,Mumbai
The team went above and beyond to assist me with my needs. Everything from the beginning to the end was smooth and satisfactory. Everything from the beginning to the end was smooth and satisfactory. I really appreciate the prompt communication and attention to detail. Everything from the beginning to the end was smooth and satisfactory. I had an excellent experience with the service. I really appreciate the prompt communication and attention to detail. Everything from the beginning to the end was smooth and satisfactory. I really appreciate the prompt communication and attention to detail. Everything from the beginning to the end was smooth and satisfactory.,Positive,2025-05-29,Hyderabad
There were multiple issues with my order and no one seemed to care. The delivery was delayed and the packaging was damaged. The service was quite disappointing from the very start. The response from the support team was slow and unhelpful. There were multiple issues with my order and no one seemed to care. There were multiple issues with my order and no one seemed to care. The delivery was delayed and the packaging was damaged. The response from the support team was slow and unhelpful. There were multiple issues with my order and no one seemed to care. The service was quite disappointing from the very start.,Negative,2025-05-19,Mumbai
I had an excellent experience with the service. The team went above and beyond to assist me with my needs. Everything from the beginning to the end was smooth and satisfactory. I really appreciate the prompt communication and attention to detail. The team went above and beyond to assist me with my needs. I had an excellent experience with the service. Everything from the beginning to the end was smooth and satisfactory. The team went above and beyond to assist me with my needs. I had an excellent experience with the service. Everything from the beginning to the end was smooth and satisfactory.,Positive,2025-04-23,Kolkata
"The service was average, not too bad but not exceptional either. The service was average, not too bad but not exceptional either. The team did their job, but I didn’t find anything unique. The team did their job, but I didn’t find anything unique. There were a few delays, but nothing too serious. It was okay, neither good nor bad. It was okay, neither good nor bad. The service was average, not too bad but not exceptional either. The team did their job, but I didn’t find anything unique. It was okay, neither good nor bad. I received what I ordered, but the experience was not memorable.",Neutral,2025-05-10,Lucknow
I really appreciate the prompt communication and attention to detail. The team went above and beyond to assist me with my needs. Product quality was far better than I expected. I had an excellent experience with the service. I had an excellent experience with the service. Product quality was far better than I expected. Product quality was far better than I expected. Product quality was far better than I expected. I had an excellent experience with the service. Product quality was far better than I expected. Product quality was far better than I expected. I had an excellent experience with the service.,Positive,2025-03-20,Delhi
The delivery was delayed and the packaging was damaged. There were multiple issues with my order and no one seemed to care. The service was quite disappointing from the very start. There were multiple issues with my order and no one seemed to care. The response from the support team was slow and unhelpful. The delivery was delayed and the packaging was damaged. The delivery was delayed and the packaging was damaged. The delivery was delayed and the packaging was damaged. The response from the support team was slow and unhelpful. I expected much better quality for the price I paid.,Negative,2025-04-20,Lucknow
"There were a few delays, but nothing too serious. The team did their job, but I didn’t find anything unique. It was okay, neither good nor bad. It was okay, neither good nor bad. The team did their job, but I didn’t find anything unique. The service was average, not too bad but not exceptional either. The service was average, not too bad but not exceptional either. It was okay, neither good nor bad. I received what I ordered, but the experience was not memorable. The team did their job, but I didn’t find anything unique. The team did their job, but I didn’t find anything unique.",Neutral,2025-04-20,Hyderabad
The response from the support team was slow and unhelpful. I expected much better quality for the price I paid. I expected much better quality for the price I paid. I expected much better quality for the price I paid. The service was quite disappointing from the very start. The response from the support team was slow and unhelpful. I expected much better quality for the price I paid. The response from the support team was slow and unhelpful. The response from the support team was slow and unhelpful. The response from the support team was slow and unhelpful. There were multiple issues with my order and no one seemed to care.,Negative,2025-05-10,Ahmedabad
I had an excellent experience with the service. I had an excellent experience with the service. I had an excellent experience with the service. Product quality was far better than I expected. I had an excellent experience with the service. The team went above and beyond to assist me with my needs. Everything from the beginning to the end was smooth and satisfactory. I really appreciate the prompt communication and attention to detail. I had an excellent experience with the service. I really appreciate the prompt communication and attention to detail. I really appreciate the prompt communication and attention to detail.,Positive,2025-04-28,Jaipur
The service was quite disappointing from the very start. I expected much better quality for the price I paid. The response from the support team was slow and unhelpful. I expected much better quality for the price I paid. The service was quite disappointing from the very start. The response from the support team was slow and unhelpful. The delivery was delayed and the packaging was damaged. The response from the support team was slow and unhelpful. The response from the support team was slow and unhelpful. The service was quite disappointing from the very start. The delivery was delayed and the packaging was damaged.,Negative,2025-05-04,Jaipur
Everything from the beginning to the end was smooth and satisfactory. Product quality was far better than I expected. Everything from the beginning to the end was smooth and satisfactory. I had an excellent experience with the service. The team went above and beyond to assist me with my needs. I really appreciate the prompt communication and attention to detail. The team went above and beyond to assist me with my needs. I had an excellent experience with the service. The team went above and beyond to assist me with my needs. I really appreciate the prompt communication and attention to detail.,Positive,2025-04-07,Hyderabad
The delivery was delayed and the packaging was damaged. The delivery was delayed and the packaging was damaged. The delivery was delayed and the packaging was damaged. The delivery was delayed and the packaging was damaged. The service was quite disappointing from the very start. The delivery was delayed and the packaging was damaged. The response from the support team was slow and unhelpful. The service was quite disappointing from the very start. There were multiple issues with my order and no one seemed to care. The response from the support team was slow and unhelpful. The response from the support team was slow and unhelpful.,Negative,2025-05-06,Chennai
The service was quite disappointing from the very start. There were multiple issues with my order and no one seemed to care. There were multiple issues with my order and no one seemed to care. The delivery was delayed and the packaging was damaged. I expected much better quality for the price I paid. The service was quite disappointing from the very start. There were multiple issues with my order and no one seemed to care. The service was quite disappointing from the very start. The service was quite disappointing from the very start. The delivery was delayed and the packaging was damaged.,Negative,2025-06-05,Hyderabad
I expected much better quality for the price I paid. I expected much better quality for the price I paid. The response from the support team was slow and unhelpful. There were multiple issues with my order and no one seemed to care. The response from the support team was slow and unhelpful. The response from the support team was slow and unhelpful. The response from the support team was slow and unhelpful. The delivery was delayed and the packaging was damaged. The delivery was delayed and the packaging was damaged. The service was quite disappointing from the very start.,Negative,2025-06-13,Mumbai
Everything from the beginning to the end was smooth and satisfactory. I really appreciate the prompt communication and attention to detail. I had an excellent experience with the service. I had an excellent experience with the service. The team went above and beyond to assist me with my needs. Product quality was far better than I expected. Product quality was far better than I expected. Product quality was far better than I expected. I really appreciate the prompt communication and attention to detail. Product quality was far better than I expected. Product quality was far better than I expected. The team went above and beyond to assist me with my needs.,Positive,2025-03-15,Hyderabad
"The service was average, not too bad but not exceptional either. There were a few delays, but nothing too serious. The team did their job, but I didn’t find anything unique. The service was average, not too bad but not exceptional either. There were a few delays, but nothing too serious. It was okay, neither good nor bad. The team did their job, but I didn’t find anything unique. It was okay, neither good nor bad. There were a few delays, but nothing too serious. The service was average, not too bad but not exceptional either. I received what I ordered, but the experience was not memorable.",Neutral,2025-05-19,Kolkata
"The service was average, not too bad but not exceptional either. The service was average, not too bad but not exceptional either. I received what I ordered, but the experience was not memorable. There were a few delays, but nothing too serious. I received what I ordered, but the experience was not memorable. I received what I ordered, but the experience was not memorable. There were a few delays, but nothing too serious. There were a few delays, but nothing too serious. There were a few delays, but nothing too serious. The service was average, not too bad but not exceptional either.",Neutral,2025-05-22,Mumbai
I expected much better quality for the price I paid. There were multiple issues with my order and no one seemed to care. There were multiple issues with my order and no one seemed to care. I expected much better quality for the price I paid. The delivery was delayed and the packaging was damaged. There were multiple issues with my order and no one seemed to care. The delivery was delayed and the packaging was damaged. The delivery was delayed and the packaging was damaged. The response from the support team was slow and unhelpful. The service was quite disappointing from the very start.,Negative,2025-03-25,Kolkata
"The service was average, not too bad but not exceptional either. The team did their job, but I didn’t find anything unique. The service was average, not too bad but not exceptional either. The team did their job, but I didn’t find anything unique. The service was average, not too bad but not exceptional either. There were a few delays, but nothing too serious. It was okay, neither good nor bad. The team did their job, but I didn’t find anything unique. It was okay, neither good nor bad. The team did their job, but I didn’t find anything unique.",Neutral,2025-05-19,Kolkata
The service was quite disappointing from the very start. I expected much better quality for the price I paid. The service was quite disappointing from the very start. The response from the support team was slow and unhelpful. There were multiple issues with my order and no one seemed to care. The delivery was delayed and the packaging was damaged. I expected much better quality for the price I paid. The response from the support team was slow and unhelpful. The service was quite disappointing from the very start. I expected much better quality for the price I paid. The service was quite disappointing from the very start.,Negative,2025-06-07,Hyderabad
The delivery was delayed and the packaging was damaged. I expected much better quality for the price I paid. The delivery was delayed and the packaging was damaged. The service was quite disappointing from the very start. I expected much better quality for the price I paid. The response from the support team was slow and unhelpful. The response from the support team was slow and unhelpful. There were multiple issues with my order and no one seemed to care. The response from the support team was slow and unhelpful. There were multiple issues with my order and no one seemed to care.,Negative,2025-05-05,Delhi
"The service was average, not too bad but not exceptional either. It was okay, neither good nor bad. It was okay, neither good nor bad. I received what I ordered, but the experience was not memorable. There were a few delays, but nothing too serious. There were a few delays, but nothing too serious. I received what I ordered, but the experience was not memorable. I received what I ordered, but the experience was not memorable. The service was average, not too bad but not exceptional either. I received what I ordered, but the experience was not memorable. There were a few delays, but nothing too serious.",Neutral,2025-05-25,Hyderabad
